{
  "project_info": {
    "project_number": "1004497847771",
    "project_id": "dashboard-536e1",
    "storage_bucket": "dashboard-536e1.appspot.com"
  },
  "client": [
    {
      "client_info": {
        "mobilesdk_app_id": "1:1004497847771:android:5516e28973c8caf3d213fe",
        "android_client_info": {
          "package_name": "com.example.dashboard"
        }
      },
      "oauth_client": [
        {
          "client_id": "1004497847771-vn334hs6fa8oa9rikn082fu4afpuq10k.apps.googleusercontent.com",
          "client_type": 3
        }
      ],
      "api_key": [
        {
          "current_key": "AIzaSyDIHADM9revinEjng-bK_YzIs6NKZ8IMFQ"
        }
      ],
      "services": {
        "appinvite_service": {
          "other_platform_oauth_client": [
            {
              "client_id": "1004497847771-vn334hs6fa8oa9rikn082fu4afpuq10k.apps.googleusercontent.com",
              "client_type": 3
            }
          ]
        }
      }
    }
  ],
  "configuration_version": "1"
}